New York,  8459026,  New York, -73.94,40.67
Los Angeles,  3878715,  California, -118.41,34.11
Chicago,  2878948,  Illinois, -87.68,41.84
Houston,  2307883,  Texas, -95.39,29.77
Phoenix,  1635783,  Arizona, -112.07,33.54
Philadelphia,  1445993,  Pennsylvania, -75.13,40.01
San Antonio,  1402013,  Texas, -98.51,29.46
San Diego,  1309749,  California, -117.14,32.81
Dallas,  1304930,  Texas, -96.77,32.79
San Jose,  977893,  California, -121.85,37.3
Detroit,  901160,  Michigan, -83.1,42.38
Jacksonville,  822401,  Florida, -81.66,30.33
San Francisco,  817411,  California, -122.45,37.77
Indianapolis,  803930,  Indiana, -86.15,39.78
Austin,  792778,  Texas, -97.75,30.31
Columbus,  768662,  Ohio, -82.99,39.99
Fort Worth,  751149,  Texas, -97.34,32.75
Charlotte,  723514,  North Carolina, -80.83,35.2
Memphis,  662989,  Tennessee, -90.01,35.11
Baltimore,  632410,  Maryland, -76.61,39.3
El Paso,  631862,  Texas, -106.44,31.85
Seattle,  614214,  Washington, -122.35,47.62
Boston,  610407,  Massachusetts, -71.02,42.34
Denver,  609651,  Colorado, -104.87,39.77
Milwaukee,  606508,  Wisconsin, -87.97,43.06
Nashville,  605197,  Tennessee, -86.78,36.17
Washington,  597885,  District of Columbia, -77.02,38.91
Portland,  573530,  Oregon, -122.66,45.54
Atlanta,  571861,  Georgia, -84.42,33.76
Las Vegas,  570083,  Nevada, -115.22,36.21
Oklahoma City,  564147,  Oklahoma, -97.51,35.47
Louisville,  556482,  Kentucky, -85.74,38.22
Tucson,  551067,  Arizona, -110.89,32.2
Albuquerque,  535923,  New Mexico, -106.62,35.12
Fresno,  490930,  California, -119.79,36.78
Sacramento,  475452,  California, -121.47,38.57
Mesa,  474115,  Arizona, -111.74,33.42
Long Beach,  464505,  California, -118.16,33.79
Kansas City,  454520,  Missouri, -94.55,39.12
Omaha,  449283,  Nebraska, -96.01,41.26
Virginia Beach,  439564,  Virginia, -76.04,36.74
Miami,  425242,  Florida, -80.21,25.78
Cleveland,  424526,  Ohio, -81.68,41.48
Raleigh,  421938,  North Carolina, -78.66,35.82
Oakland,  412612,  California, -122.22,37.77
Colorado Springs,  388306,  Colorado, -104.76,38.86
Tulsa,  387683,  Oklahoma, -95.92,36.13
Minneapolis,  386751,  Minnesota, -93.27,44.96
Arlington,  385024,  Texas, -97.13,32.69
Honolulu,  375134,  Hawaii, -157.8,21.32
Wichita,  374803,  Kansas, -97.34,37.69
Tampa,  351091,  Florida, -82.48,27.96
Saint Louis,  349763,  Missouri, -90.24,38.64
Anaheim,  342336,  California, -117.87,33.84
Santa Ana,  341991,  California, -117.88,33.74
Bakersfield,  336429,  California, -119,35.36
Aurora,  334924,  Colorado, -104.73,39.71
Cincinnati,  332807,  Ohio, -84.51,39.14
Pittsburgh,  305708,  Pennsylvania, -79.98,40.44
Riverside,  302653,  California, -117.4,33.94
Corpus Christi,  296937,  Texas, -97.29,27.71
Stockton,  291422,  California, -121.31,37.97
Toledo,  288207,  Ohio, -83.58,41.66
Anchorage,  283690,  Alaska, -149.19,61.18
Plano,  282016,  Texas, -96.75,33.05
Saint Paul,  281501,  Minnesota, -93.1,44.95
Newark,  279278,  New Jersey, -74.17,40.72
Lexington,  279146,  Kentucky, -84.46,38.04
Buffalo,  267037,  New York, -78.86,42.89
Henderson,  265681,  Nevada, -115,36.03
Paradise,  261122,  Nevada, -115.13,36.08
Greensboro,  259523,  North Carolina, -79.83,36.08
Chandler,  258122,  Arizona, -111.87,33.3
Lincoln,  257612,  Nebraska, -96.69,40.82
Glendale,  255662,  Arizona, -112.2,33.58
Fort Wayne,  253250,  Indiana, -85.14,41.07
Saint Petersburg,  243829,  Florida, -82.64,27.76
Gilbert,  243090,  Arizona, -111.76,33.33
Jersey City,  242594,  New Jersey, -74.06,40.71
Scottsdale,  241464,  Arizona, -111.87,33.69
Madison,  237838,  Wisconsin, -89.39,43.08
North Las Vegas,  236574,  Nevada, -115.14,36.27
Orlando,  235745,  Florida, -81.37,28.5
Durham,  235337,  North Carolina, -78.91,35.98
Norfolk,  234477,  Virginia, -76.24,36.92
Laredo,  232298,  Texas, -99.49,27.53
Chula Vista,  226606,  California, -117.04,32.63
Lubbock,  226180,  Texas, -101.88,33.58
Birmingham,  226152,  Alabama, -86.8,33.53
Irvine,  223785,  California, -117.8,33.66
Chesapeake,  223315,  Virginia, -76.31,36.68
Winston-Salem,  223127,  North Carolina, -80.26,36.1
Baton Rouge,  221091,  Louisiana, -91.13,30.45
Reno,  221051,  Nevada, -119.82,39.54
Garland,  220597,  Texas, -96.63,32.91
Sunrise Manor,  219092,  Nevada, -115.05,36.19
Arlington,  214890,  Virginia, -77.1,38.88
Spring Valley,  212144,  Nevada, -115.24,36.11
Boise City,  210099,  Idaho, -116.23,43.61
Hialeah,  209524,  Florida, -80.3,25.86
Fremont,  207431,  California, -122,37.53
Irving,  206798,  Texas, -96.97,32.86
New Orleans,  206720,  Louisiana, -89.93,30.07
Yonkers,  206441,  New York, -73.87,40.95
Akron,  205375,  Ohio, -81.52,41.08
Rochester,  205236,  New York, -77.62,43.17
Spokane,  204424,  Washington, -117.41,47.67
Shreveport,  204311,  Louisiana, -93.8,32.47
Modesto,  203882,  California, -120.99,37.66
Tacoma,  200855,  Washington, -122.46,47.25
Montgomery,  200848,  Alabama, -86.28,32.35
Des Moines,  200202,  Iowa, -93.62,41.58
Glendale,  199608,  California, -118.25,34.18
Augusta-Richmond,  199489,  Georgia, -81.99,33.46
Moreno Valley,  199353,  California, -117.21,33.93
San Bernardino,  199314,  California, -117.29,34.14
Richmond,  198179,  Virginia, -77.47,37.53
Huntington Beach,  194227,  California, -118.01,33.69
Grand Rapids,  193337,  Michigan, -85.66,42.96
Columbus,  193007,  Georgia, -84.87,32.51
Little Rock,  192247,  Arkansas, -92.35,34.72
Fontana,  191526,  California, -117.46,34.1
Amarillo,  190449,  Texas, -101.82,35.2
Mobile,  190007,  Alabama, -88.09,30.68
Oxnard,  189413,  California, -119.21,34.2
Knoxville,  187071,  Tennessee, -83.95,35.97
Huntsville,  185501,  Alabama, -86.63,34.71
Salt Lake City,  184856,  Utah, -111.93,40.78
Fort Lauderdale,  184625,  Florida, -80.14,26.14
Brownsville,  183598,  Texas, -97.48,25.93
Newport News,  182057,  Virginia, -76.51,37.08
Tempe,  181658,  Arizona, -111.93,33.39
Fayetteville,  177632,  North Carolina, -78.9,35.07
Aurora,  176710,  Illinois, -88.29,41.77
Rancho Cucamonga,  176424,  California, -117.57,34.12
Overland Park,  176161,  Kansas, -94.68,38.91
Tallahassee,  175438,  Florida, -84.28,30.46
Worcester,  174854,  Massachusetts, -71.81,42.27
Ontario,  174731,  California, -117.61,34.05
Chattanooga,  173001,  Tennessee, -85.26,35.07
Oceanside,  172679,  California, -117.31,33.23
Santa Clarita,  171722,  California, -118.51,34.41
Jackson,  171210,  Mississippi, -90.21,32.32
Providence,  170868,  Rhode Island, -71.42,41.82
Vancouver,  169603,  Washington, -122.64,45.63
Peoria,  168424,  Arizona, -112.24,33.69
Garden Grove,  167800,  California, -117.96,33.78
Grand Prairie,  167767,  Texas, -97.02,32.69
Port Saint Lucie,  163859,  Florida, -80.35,27.28
Cape Coral,  161428,  Florida, -82,26.64
Sioux Falls,  160938,  South Dakota, -96.73,43.54
Santa Rosa,  159730,  California, -122.7,38.45
Rockford,  159109,  Illinois, -89.06,42.27
Springfield,  158605,  Missouri, -93.29,37.2
Salem,  157890,  Oregon, -123.02,44.92
Pomona,  154638,  California, -117.76,34.06
Joliet,  153577,  Illinois, -88.12,41.53
Corona,  152977,  California, -117.57,33.87
Eugene,  152842,  Oregon, -123.11,44.05
Dayton,  151594,  Ohio, -84.2,39.78
Lancaster,  151452,  California, -118.18,34.69
Palmdale,  150264,  California, -118.09,34.61
Springfield,  149926,  Massachusetts, -72.54,42.12
Pasadena,  148101,  Texas, -95.15,29.66
Alexandria,  147786,  Virginia, -77.09,38.82
Hampton,  147560,  Virginia, -76.29,37.05
Pembroke Pines,  146408,  Florida, -80.34,26.01
Naperville,  146177,  Illinois, -88.15,41.76
Cary,  145939,  North Carolina, -78.8,35.78
Salinas,  145628,  California, -121.64,36.68
Hayward,  145517,  California, -122.1,37.63
Paterson,  145162,  New Jersey, -74.16,40.91
Pasadena,  144485,  California, -118.14,34.16
Kansas City,  144431,  Kansas, -94.73,39.12
Lakewood,  142294,  Colorado, -105.11,39.7
Hollywood,  142105,  Florida, -80.16,26.03
Fort Collins,  141921,  Colorado, -105.07,40.56
Metairie,  141919,  Louisiana, -90.18,30
Torrance,  141478,  California, -118.34,33.83
Orange,  141351,  California, -117.82,33.81
Elk Grove,  141026,  California, -121.37,38.4
Escondido,  139583,  California, -117.07,33.14
Bridgeport,  136604,  Connecticut, -73.2,41.19
MacAllen,  136555,  Texas, -98.24,26.22
Syracuse,  136410,  New York, -76.14,43.04
MacKinney,  135935,  Texas, -96.65,33.2
East Los Angeles,  135682,  California, -118.17,34.03
Sunnyvale,  135564,  California, -122.03,37.39
Mesquite,  134509,  Texas, -96.6,32.77
Warren,  133470,  Michigan, -83.03,42.49
Savannah,  133244,  Georgia, -81.13,32.02
Fullerton,  133165,  California, -117.93,33.88
Toms River,  131619,  New Jersey, -74.17,39.94
Cedar Rapids,  130349,  Iowa, -91.67,41.97
Columbia,  130246,  South Carolina, -80.89,34.04
Carrollton,  130013,  Texas, -96.9,32.99
Highlands Ranch,  129817,  Colorado, -104.97,39.55
Bellevue,  128225,  Washington, -122.16,47.6
Visalia,  127444,  California, -119.32,36.33
Denton,  127364,  Texas, -97.13,33.21
Sterling Heights,  127075,  Michigan, -83.03,42.58
Waco,  126878,  Texas, -97.18,31.57
Coral Springs,  125980,  Florida, -80.26,26.27
West Valley City,  125842,  Utah, -112.01,40.69
Elizabeth,  125821,  New Jersey, -74.19,40.67
Killeen,  125411,  Texas, -97.72,31.1
Olathe,  125326,  Kansas, -94.81,38.89
Topeka,  124629,  Kansas, -95.69,39.04
Casas Adobes,  124303,  Arizona, -110.99,32.32
Thousand Oaks,  123875,  California, -118.87,34.19
Hartford,  123579,  Connecticut, -72.68,41.77
New Haven,  123302,  Connecticut, -72.92,41.31
El Monte,  122644,  California, -118.03,34.07
Catalina Foothills,  122588,  Arizona, -110.92,32.3
Concord,  122338,  California, -122,37.97
Simi Valley,  121990,  California, -118.75,34.26
Roseville,  121485,  California, -121.29,38.76
Clarksville,  121429,  Tennessee, -87.35,36.56
Stamford,  121373,  Connecticut, -73.55,41.1
Provo,  120524,  Utah, -111.64,40.25
Thornton,  120487,  Colorado, -104.96,39.89
Round Rock,  120297,  Texas, -97.67,30.52
Abilene,  120183,  Texas, -99.74,32.45
Victorville,  119377,  California, -117.33,34.52
Springfield,  118095,  Illinois, -89.64,39.78
Athens-Clarke,  116864,  Georgia, -83.39,33.95
Gainesville,  116277,  Florida, -82.34,29.67
Evansville,  115666,  Indiana, -87.54,37.98
Charleston,  115017,  South Carolina, -79.99,32.79
Peoria,  114666,  Illinois, -89.61,40.74
Frisco,  114533,  Texas, -96.81,33.14
Vallejo,  114029,  California, -122.26,38.11
Ann Arbor,  113880,  Michigan, -83.73,42.28
Miami Gardens,  113813,  Florida, -80.25,25.94
Lafayette,  113767,  Louisiana, -92.03,30.22
Costa Mesa,  113091,  California, -117.91,33.67
Santa Clara,  112889,  California, -121.97,37.37
Inglewood,  112845,  California, -118.34,33.96
Lansing,  112579,  Michigan, -84.55,42.71
Miramar,  112570,  Florida, -80.33,25.98
Midland,  111357,  Texas, -102.1,32.03
Elgin,  111179,  Illinois, -88.29,42.04
Beaumont,  110900,  Texas, -94.14,30.09
Independence,  110030,  Missouri, -94.35,39.09
Flint,  109751,  Michigan, -83.69,43.02
Norman,  109682,  Oklahoma, -97.34,35.23
Arvada,  109590,  Colorado, -105.11,39.82
Spring Hill,  109452,  Florida, -82.56,28.48
West Jordan,  109385,  Utah, -111.99,40.6
Westminster,  109334,  Colorado, -105.05,39.88
Murfreesboro,  109230,  Tennessee, -86.39,35.85
Lewisville,  108843,  Texas, -96.98,33.04
Manchester,  108643,  New Hampshire, -71.44,42.98
Cambridge,  108135,  Massachusetts, -71.12,42.38
Downey,  107986,  California, -118.13,33.94
Billings,  107973,  Montana, -108.54,45.79
Allentown,  107685,  Pennsylvania, -75.48,40.6
Pueblo,  107496,  Colorado, -104.62,38.27
Waterbury,  107118,  Connecticut, -73.04,41.56
West Covina,  106032,  California, -117.91,34.05
Richardson,  105398,  Texas, -96.71,32.97
San Buenaventura,  105272,  California, -119.26,34.27
High Point,  105064,  North Carolina, -80,35.98
Surprise,  104876,  Arizona, -112.47,33.66
Clearwater,  104782,  Florida, -82.77,27.98
Gresham,  104562,  Oregon, -122.44,45.5
Temecula,  104516,  California, -117.13,33.5
Columbia,  104283,  Missouri, -92.33,38.95
Richmond,  104241,  California, -122.36,37.95
Fairfield,  104184,  California, -122.04,38.25
Lowell,  104063,  Massachusetts, -71.32,42.64
Erie,  103895,  Pennsylvania, -80.09,42.13
Rochester,  103763,  Minnesota, -92.48,44.01
Burbank,  103686,  California, -118.33,34.19
Daly City,  103502,  California, -122.47,37.69
Palm Bay,  103460,  Florida, -80.66,27.99
South Bend,  103173,  Indiana, -86.27,41.68
Davenport,  103072,  Iowa, -90.6,41.56
Wichita Falls,  103067,  Texas, -98.52,33.9
Norwalk,  102880,  California, -118.08,33.91
Murrieta,  102737,  California, -117.21,33.56
Portsmouth,  102540,  Virginia, -76.36,36.86
Odessa,  102535,  Texas, -102.35,31.87
Antioch,  102439,  California, -121.8,37.99
Berkeley,  102237,  California, -122.27,37.87
Wilmington,  102120,  North Carolina, -77.91,34.21
Pompano Beach,  101930,  Florida, -80.13,26.24
Green Bay,  101191,  Wisconsin, -87.99,44.52
The Woodlands,  101065,  Texas, -95.49,30.16
Centennial,  101031,  Colorado, -104.85,39.6
Tyler,  101017,  Texas, -95.3,32.33
Edison,  100524,  New Jersey, -74.37,40.53
North Charleston,  99930,  South Carolina, -80.04,32.91
Rialto,  99741,  California, -117.39,34.11
West Palm Beach,  99706,  Florida, -80.13,26.75
Carlsbad,  99613,  California, -117.29,33.12
Hillsboro,  99192,  Oregon, -122.94,45.53
Everett,  99092,  Washington, -122.2,47.96
Kenosha,  98714,  Wisconsin, -87.85,42.58
Arden-Arcade,  98327,  California, -121.38,38.6
Sandy,  97886,  Utah, -111.85,40.57
Broken Arrow,  97442,  Oklahoma, -95.79,36.04
South Gate,  96945,  California, -118.19,33.94
Clovis,  96823,  California, -119.7,36.82
The Hammocks,  95973,  Florida, -80.44,25.67
Boulder,  95721,  Colorado, -105.25,40.03
Columbia,  95680,  Maryland, -76.86,39.2
Las Cruces,  95663,  New Mexico, -106.76,32.34
Orem,  95419,  Utah, -111.7,40.3
Mission Viejo,  95388,  California, -117.65,33.61
Lakeland,  95327,  Florida, -81.96,28.04
Fargo,  95232,  North Dakota, -96.82,46.88
San Angelo,  95212,  Texas, -100.45,31.45
Gary,  94891,  Indiana, -87.34,41.6
Greeley,  94780,  Colorado, -104.74,40.42
Beaverton,  94639,  Oregon, -122.82,45.48
Canton,  94521,  Michigan, -83.48,42.31
Macon,  94286,  Georgia, -83.66,32.84
Pearland,  94215,  Texas, -95.28,29.56
San Mateo,  93990,  California, -122.31,37.56
Roanoke,  93951,  Virginia, -79.96,37.28
Compton,  93949,  California, -118.23,33.89
Tuscaloosa,  93932,  Alabama, -87.54,33.24
Quincy,  93743,  Massachusetts, -71.01,42.26
El Cajon,  93487,  California, -116.96,32.8
Vacaville,  93182,  California, -121.97,38.36
Yuma,  93081,  Arizona, -114.62,32.68
Albany,  92804,  New York, -73.8,42.67
Carson,  92779,  California, -118.26,33.84
Brockton,  92742,  Massachusetts, -71.03,42.08
Vista,  92387,  California, -117.24,33.19
Lawrence,  92060,  Kansas, -95.26,38.96
Redding,  91776,  California, -122.36,40.57
Sparks,  91721,  Nevada, -119.74,39.54
Davie,  91719,  Florida, -80.29,26.08
Brandon,  91683,  Florida, -82.29,27.93
Waukegan,  91248,  Illinois, -87.87,42.37
New Bedford,  90869,  Massachusetts, -70.94,41.66
Fall River,  90721,  Massachusetts, -71.11,41.71
Hamilton,  90700,  New Jersey, -74.67,40.21
Allen,  90456,  Texas, -96.67,33.11
College Station,  90406,  Texas, -96.31,30.6
Westminster,  90369,  California, -117.99,33.75
Avondale,  89387,  Arizona, -112.32,33.42
Santa Monica,  89350,  California, -118.49,34.01
Sunrise,  89011,  Florida, -80.3,26.15
Longmont,  88962,  Colorado, -105.11,40.17
Roswell,  88928,  Georgia, -84.36,34.04
Indio,  88823,  California, -116.23,33.72
Santa Maria,  88641,  California, -120.44,34.94
Spokane Valley,  88534,  Washington, -117.24,47.67
Hesperia,  88489,  California, -117.3,34.42
Lee's Summit,  87461,  Missouri, -94.38,38.92
Livonia,  87293,  Michigan, -83.37,42.4
Lawton,  87265,  Oklahoma, -98.42,34.6
Lynn,  87064,  Massachusetts, -70.96,42.47
Nashua,  86706,  New Hampshire, -71.49,42.75
Kendall,  86578,  Florida, -80.34,25.67
Santa Barbara,  86382,  California, -119.72,34.43
Alhambra,  86214,  California, -118.13,34.08
Boca Raton,  86084,  Florida, -80.11,26.37
Greenville,  85963,  North Carolina, -77.37,35.6
Chico,  85863,  California, -121.81,39.75
Rio Rancho,  85837,  New Mexico, -106.66,35.27
Fort Smith,  85819,  Arkansas, -94.38,35.37
Yakima,  85326,  Washington, -120.53,46.59
Hawthorne,  85033,  California, -118.35,33.91
Kent,  84987,  Washington, -122.24,47.39
Citrus Heights,  84876,  California, -121.29,38.69
Deltona,  84707,  Florida, -81.21,28.91
Federal Way,  84659,  Washington, -122.34,47.31
Miami Beach,  84633,  Florida, -80.14,25.81
Chino,  84585,  California, -117.69,34.01
Nampa,  84582,  Idaho, -116.56,43.58
Suffolk,  84501,  Virginia, -76.64,36.7
Duluth,  84075,  Minnesota, -92.12,46.78
Sugar Land,  84063,  Texas, -95.62,29.62
Warwick,  83651,  Rhode Island, -71.42,41.7
Ogden,  83448,  Utah, -111.97,41.23
Plantation,  83409,  Florida, -80.26,26.13
Brick,  83343,  New Jersey, -74.11,40.06
Norwalk,  83306,  Connecticut, -73.42,41.09
Bend,  83266,  Oregon, -121.31,44.07
Trenton,  83253,  New Jersey, -74.76,40.22
Sioux City,  83250,  Iowa, -96.39,42.5
Edmond,  83110,  Oklahoma, -97.41,35.67
Tamiami,  82996,  Florida, -80.4,25.76
San Marcos,  82614,  California, -117.17,33.14
Newton,  82542,  Massachusetts, -71.21,42.33
Livermore,  82532,  California, -121.76,37.69
Dearborn,  82453,  Michigan, -83.21,42.31
Sandy Springs,  82270,  Georgia, -84.37,33.94
Town'n'Country,  82234,  Florida, -82.58,28.01
Bellingham,  82173,  Washington, -122.47,48.74
Whittier,  82163,  California, -118.02,33.97
Racine,  82139,  Wisconsin, -87.81,42.73
Silver Spring,  82001,  Maryland, -77.02,39.01
O'Fallon,  81929,  Missouri, -90.71,38.78
Cheektowaga,  81658,  New York, -78.75,42.91
Bloomington,  81380,  Minnesota, -93.32,44.83
Champaign,  80835,  Illinois, -88.26,40.11
Newport Beach,  80777,  California, -117.87,33.61
Tracy,  80673,  California, -121.43,37.74
Danbury,  80411,  Connecticut, -73.47,41.4
Buena Park,  80406,  California, -118,33.86
Troy,  80229,  Michigan, -83.14,42.58
Reading,  80046,  Pennsylvania, -75.93,40.34
Cicero,  79967,  Illinois, -87.76,41.84
Cranston,  79642,  Rhode Island, -71.48,41.77
Camden,  79551,  New Jersey, -75.11,39.94
San Leandro,  78904,  California, -122.15,37.71
Centreville,  78714,  Virginia, -77.44,38.85
Evanston,  78672,  Illinois, -87.69,42.05
Merced,  78579,  California, -120.48,37.3
Lakewood,  78446,  California, -118.12,33.85
League City,  78312,  Texas, -95.11,29.49
Albany,  78277,  Georgia, -84.18,31.58
Clifton,  78248,  New Jersey, -74.16,40.86
Edinburg,  78199,  Texas, -98.16,26.3
Farmington Hills,  78114,  Michigan, -83.38,42.49
Longview,  78112,  Texas, -94.76,32.52
Canton,  77796,  Ohio, -81.37,40.81
Melbourne,  77650,  Florida, -80.64,28.11
Baldwin Park,  77637,  California, -117.97,34.08
Missouri City,  77622,  Texas, -95.54,29.57
Jacksonville,  77553,  North Carolina, -77.4,34.76
Saint George,  77171,  Utah, -113.58,37.08
Union City,  76462,  California, -122.02,37.6
Saint Joseph,  76371,  Missouri, -94.82,39.76
Parma,  76338,  Ohio, -81.73,41.38
Lake Forest,  76105,  California, -117.7,33.63
Palm Coast,  76000,  Florida, -81.21,29.57
Hammond,  75871,  Indiana, -87.49,41.62
Asheville,  75836,  North Carolina, -82.55,35.57
Fayetteville,  75776,  Arkansas, -94.16,36.07
Napa,  75759,  California, -122.3,38.3
Westland,  75634,  Michigan, -83.38,42.32
Somerville,  75604,  Massachusetts, -71.1,42.39
Redwood City,  75512,  California, -122.21,37.52
Deerfield Beach,  75503,  Florida, -80.12,26.31
Fishers,  75408,  Indiana, -86.02,39.95
Gastonia,  75340,  North Carolina, -81.17,35.25
Decatur,  75262,  Illinois, -88.93,39.85
Medford,  75182,  Oregon, -122.85,42.34
Southfield,  75151,  Michigan, -83.26,42.48
Waterford,  75011,  Michigan, -83.39,42.66
Country Club,  74902,  Florida, -80.32,25.95
New Rochelle,  74592,  New York, -73.78,40.92
Bloomington,  74549,  Illinois, -88.97,40.48
Chino Hills,  74322,  California, -117.75,33.97
Tustin,  74313,  California, -117.81,33.73
Santa Fe,  74019,  New Mexico, -105.95,35.68
Hemet,  73853,  California, -117,33.73
Bryan,  73832,  Texas, -96.37,30.67
Mountain View,  73806,  California, -122.08,37.4
Arlington Heights,  73268,  Illinois, -87.98,42.09
Bellflower,  73243,  California, -118.13,33.89
Ellicott City,  73232,  Maryland, -76.83,39.27
Hoover,  73232,  Alabama, -86.82,33.38
Meridian,  73202,  Idaho, -116.4,43.61
Plymouth,  72954,  Minnesota, -93.46,45.02
Brooklyn Park,  72758,  Minnesota, -93.35,45.11
Wilmington,  72741,  Delaware, -75.53,39.74
Flower Mound,  72721,  Texas, -97.09,33.03
Goodyear,  72684,  Arizona, -112.41,33.35
Bloomington,  72402,  Indiana, -86.52,39.17
Rock Hill,  72341,  South Carolina, -81.03,34.94
Bolingbrook,  72318,  Illinois, -88.08,41.7
Cedar Park,  72258,  Texas, -97.83,30.51
Mission,  72240,  Texas, -98.32,26.21
Bethlehem,  72174,  Pennsylvania, -75.37,40.63
Upland,  72154,  California, -117.66,34.12
Lake Charles,  71903,  Louisiana, -93.2,30.21
Largo,  71859,  Florida, -82.78,27.91
Kalamazoo,  71826,  Michigan, -85.59,42.27
Springdale,  71691,  Arkansas, -94.15,36.18
Alameda,  71628,  California, -122.26,37.77
Germantown,  71619,  Maryland, -77.26,39.18
Scranton,  71561,  Pennsylvania, -75.67,41.4
West Bloomfield Township,  71474,  Michigan, -83.38,42.57
Apple Valley,  71444,  California, -117.21,34.53
Gulfport,  71411,  Mississippi, -89.07,30.39
Baytown,  71405,  Texas, -94.97,29.75
Schaumburg,  71386,  Illinois, -88.08,42.03
Carmel,  71355,  Indiana, -86.11,39.97
Pawtucket,  71155,  Rhode Island, -71.37,41.87
Youngstown,  71023,  Ohio, -80.65,41.1
Wyoming,  70833,  Michigan, -85.7,42.89
Appleton,  70483,  Wisconsin, -88.4,44.27
Missoula,  70460,  Montana, -114.01,46.87
Lorain,  70400,  Ohio, -82.18,41.44
Lynchburg,  70334,  Virginia, -79.19,37.4
Lynwood,  70294,  California, -118.2,33.92
New Britain,  70289,  Connecticut, -72.79,41.68
Lawrence,  70149,  Massachusetts, -71.16,42.7
Redlands,  70033,  California, -117.17,34.06
Concord,  70024,  North Carolina, -80.59,35.41
Folsom,  69994,  California, -121.15,38.68
Turlock,  69973,  California, -120.85,37.5
Boynton Beach,  69913,  Florida, -80.08,26.53
Milpitas,  69900,  California, -121.89,37.43
Iowa City,  69842,  Iowa, -91.54,41.66
Pharr,  69717,  Texas, -98.19,26.18
Sterling,  69591,  Virginia, -77.43,39.01
Lehigh Acres,  68931,  Florida, -81.63,26.6
Marietta,  68931,  Georgia, -84.54,33.95
Rochester Hills,  68883,  Michigan, -83.16,42.67
Mount Vernon,  68747,  New York, -73.83,40.91
Dothan,  68618,  Alabama, -85.41,31.24
Loveland,  68614,  Colorado, -105.07,40.42
Fountainbleau,  68598,  Florida, -80.35,25.77
Fort Myers,  68373,  Florida, -81.85,26.63
Waukesha,  68355,  Wisconsin, -88.24,43.01
Pleasanton,  68205,  California, -121.89,37.67
Layton,  68075,  Utah, -111.95,41.08
Rapid City,  68063,  South Dakota, -103.23,44.08
Manteca,  68053,  California, -121.22,37.8
Mount Pleasant,  67849,  South Carolina, -79.86,32.82
Saint Cloud,  67771,  Minnesota, -94.17,45.55
Cherry Hill,  67762,  New Jersey, -75,39.9
Pittsburg,  67613,  California, -121.89,38.02
Redondo Beach,  67552,  California, -118.38,33.86
Palatine,  67435,  Illinois, -88.04,42.11
Yorba Linda,  67194,  California, -117.77,33.89
North Richland Hills,  67133,  Texas, -97.22,32.86
Lauderhill,  67065,  Florida, -80.23,26.17
Passaic,  67055,  New Jersey, -74.13,40.86
Waterloo,  67011,  Iowa, -92.35,42.49
Renton,  66884,  Washington, -122.2,47.48
Harlingen,  66846,  Texas, -97.69,26.2
Dundalk,  66755,  Maryland, -76.5,39.27
Jonesboro,  66734,  Arkansas, -90.69,35.82
Skokie,  66692,  Illinois, -87.74,42.04
Palm Harbor,  66382,  Florida, -82.76,28.09
Eau Claire,  66106,  Wisconsin, -91.49,44.82
Saint Charles,  65986,  Missouri, -90.52,38.79
Castro Valley,  65952,  California, -122.06,37.71
West Hartford,  65786,  Connecticut, -72.75,41.77
Pontiac,  65760,  Michigan, -83.29,42.65
Kennewick,  65634,  Washington, -119.17,46.2
Laguna Niguel,  65471,  California, -117.7,33.53
Lafayette,  65296,  Indiana, -86.87,40.41
Rancho Cordova,  65274,  California, -121.3,38.6
Weston,  65215,  Florida, -80.4,26.1
Dale City,  65126,  Virginia, -77.34,38.65
Kenner,  65108,  Louisiana, -90.25,29.99
Delray Beach,  64829,  Florida, -80.09,26.45
East Orange,  64779,  New Jersey, -74.21,40.77
Framingham,  64549,  Massachusetts, -71.44,42.31
Eagan,  64507,  Minnesota, -93.16,44.82
Camarillo,  64419,  California, -119.03,34.22
Revere,  64417,  Massachusetts, -70.99,42.42
South San Francisco,  64345,  California, -122.42,37.66
Muncie,  64234,  Indiana, -85.39,40.2
Warner Robins,  64183,  Georgia, -83.63,32.61
Kissimmee,  64069,  Florida, -81.41,28.3
Reston,  64064,  Virginia, -77.35,38.95
Walnut Creek,  64055,  California, -122.04,37.9
Oshkosh,  63983,  Wisconsin, -88.55,44.02
Johnson City,  63845,  Tennessee, -82.37,36.33
Daytona Beach,  63815,  Florida, -81.05,29.19
Greenwich,  63768,  Connecticut, -73.59,41.04
Maple Grove,  63633,  Minnesota, -93.46,45.11
Shawnee,  63568,  Kansas, -94.8,39.02
Rockville,  63567,  Maryland, -77.15,39.08
Jackson,  63490,  Tennessee, -88.83,35.63
Davis,  63396,  California, -121.74,38.55
Pico Rivera,  63362,  California, -118.09,33.99
Kendale Lakes,  63354,  Florida, -80.41,25.71
Janesville,  63311,  Wisconsin, -89.02,42.68
Bossier City,  63292,  Louisiana, -93.66,32.52
Victoria,  63257,  Texas, -96.98,28.82
South Hill,  63243,  Washington, -122.27,47.14
San Clemente,  63161,  California, -117.61,33.45
Carol City,  63024,  Florida, -80.27,25.94
Hamilton,  62926,  Ohio, -84.56,39.39
Egypt Lake-Leto,  62838,  Florida, -82.5,28.02
Brentwood,  62689,  New York, -73.25,40.78
Yuba City,  62588,  California, -121.62,39.14
Homestead,  62540,  Florida, -80.45,25.46
Hamden,  62527,  Connecticut, -72.89,41.37
Eden Prairie,  62379,  Minnesota, -93.46,44.85
Irvington,  62365,  New Jersey, -74.23,40.72
Portland,  62150,  Maine, -70.28,43.66
Haverhill,  62124,  Massachusetts, -71.09,42.78
Union City,  62058,  New Jersey, -74.03,40.77
Palo Alto,  62044,  California, -122.14,37.4
Springfield,  61999,  Ohio, -83.8,39.93
Florence-Graham,  61963,  California, -118.24,33.97
Bismarck,  61954,  North Dakota, -100.77,46.81
Montebello,  61916,  California, -118.11,34.02
Coon Rapids,  61895,  Minnesota, -93.31,45.17
Greenville,  61733,  South Carolina, -82.37,34.84
Temple,  61700,  Texas, -97.36,31.1
Conroe,  61600,  Texas, -95.47,30.32
Buckeye,  61572,  Arizona, -112.59,33.44
Franklin,  61515,  Tennessee, -86.84,35.93
Encinitas,  61488,  California, -117.26,33.05
Monterey Park,  61487,  California, -118.13,34.05
Flagstaff,  61390,  Arizona, -111.62,35.19
Lodi,  61336,  California, -121.29,38.12
Perris,  61105,  California, -117.22,33.79
Bristol,  61049,  Connecticut, -72.94,41.68
Laguna,  60976,  California, -121.42,38.42
Rogers,  60958,  Arkansas, -94.13,36.33
Huntington Park,  60880,  California, -118.22,33.98
Lower Merion,  60798,  Pennsylvania, -75.28,40.03
Waltham,  60722,  Massachusetts, -71.24,42.39
Fairfield,  60708,  Connecticut, -73.26,41.13
Schenectady,  60703,  New York, -73.93,42.8
Pasco,  60452,  Washington, -119.13,46.25
Annandale,  60438,  Virginia, -77.21,38.83
Terre Haute,  60269,  Indiana, -87.38,39.47
Tinley Park,  60149,  Illinois, -87.8,41.57
Wheaton-Glenmont,  60115,  Maryland, -77.05,39.06
Great Falls,  60015,  Montana, -111.29,47.5
South Whittier,  59987,  California, -118.03,33.93
Saint Clair Shores,  59971,  Michigan, -82.89,42.49
Tulare,  59961,  California, -119.34,36.2
Council Bluffs,  59918,  Iowa, -95.86,41.24
Conway,  59823,  Arkansas, -92.45,35.09
North Bergen,  59771,  New Jersey, -74.03,40.79
Gaithersburg,  59755,  Maryland, -77.22,39.14
Frederick,  59727,  Maryland, -77.42,39.43
La Habra,  59636,  California, -117.95,33.93
Taylorsville,  59591,  Utah, -111.94,40.66
Tamarac,  59442,  Florida, -80.26,26.2
Vineland,  59417,  New Jersey, -75,39.46
West Allis,  59345,  Wisconsin, -88.03,43.01
Madera,  59334,  California, -120.08,36.97
Burnsville,  59309,  Minnesota, -93.28,44.76
North Little Rock,  59309,  Arkansas, -92.26,34.79
Meriden,  59261,  Connecticut, -72.8,41.54
Bethesda,  59221,  Maryland, -77.12,38.99
National City,  59104,  California, -117.1,32.67
Gardena,  58982,  California, -118.3,33.89
North Port,  58777,  Florida, -82.19,27.05
Woodbury,  58631,  Minnesota, -92.92,44.91
Springfield,  58303,  Oregon, -122.98,44.05
Taylor,  58134,  Michigan, -83.27,42.23
Ames,  58120,  Iowa, -93.63,42.02
Cheyenne,  58067,  Wyoming, -104.79,41.15
Auburn,  57926,  Alabama, -85.48,32.59
South Jordan,  57903,  Utah, -111.97,40.56
Lake Havasu City,  57781,  Arizona, -114.31,34.5
Auburn,  57746,  Washington, -122.21,47.3
Santa Cruz,  57690,  California, -122.04,36.97
Diamond Bar,  57662,  California, -117.81,34
New Braunfels,  57633,  Texas, -98.12,29.7
White Plains,  57617,  New York, -73.76,41.02
Rowlett,  57581,  Texas, -96.55,32.91
Utica,  57570,  New York, -75.23,43.1
Ocala,  57520,  Florida, -82.13,29.19
Des Plaines,  57512,  Illinois, -87.9,42.03
Rocky Mount,  57428,  North Carolina, -77.81,35.96
Tonawanda CDP,  57390,  New York, -78.88,42.98
Bayonne,  57362,  New Jersey, -74.11,40.66
Lakewood,  57274,  Washington, -122.53,47.16
Anderson,  57207,  Indiana, -85.69,40.09
Galveston,  57154,  Texas, -94.81,29.3
Dubuque,  57153,  Iowa, -90.69,42.5
Blue Springs,  57147,  Missouri, -94.27,39.02
Midwest City,  57117,  Oklahoma, -97.37,35.46
West Des Moines,  57065,  Iowa, -93.75,41.57
Arcadia,  57050,  California, -118.04,34.13
San Marcos,  56979,  Texas, -97.93,29.88
Bowling Green,  56941,  Kentucky, -86.44,36.97
Decatur,  56879,  Alabama, -86.99,34.57
Lakeville,  56830,  Minnesota, -93.24,44.68
Woodland,  56758,  California, -121.77,38.68
Royal Oak,  56742,  Michigan, -83.15,42.51
Burke,  56739,  Virginia, -77.27,38.78
Port Arthur,  56714,  Texas, -93.93,29.9
Lake Elsinore,  56703,  California, -117.32,33.67
Saint Peters,  56697,  Missouri, -90.61,38.78
Plymouth,  56547,  Massachusetts, -70.67,41.96
Blaine,  56366,  Minnesota, -93.21,45.17
Union,  56324,  New Jersey, -74.27,40.7
Bel Air South,  56286,  Maryland, -76.32,39.5
Wellington,  56239,  Florida, -80.25,26.66
Idaho Falls,  56222,  Idaho, -112.03,43.49
Fountain Valley,  56133,  California, -117.95,33.71
La Mesa,  56056,  California, -117.02,32.77
Rocklin,  56052,  California, -121.24,38.8
Georgetown,  55998,  Texas, -97.69,30.65
Orland Park,  55957,  Illinois, -87.85,41.61
North Miami,  55954,  Florida, -80.17,25.9
Wayne,  55931,  New Jersey, -74.25,40.95
Malden,  55904,  Massachusetts, -71.06,42.43
San Rafael,  55904,  California, -122.51,37.98
Moore,  55764,  Oklahoma, -97.47,35.33
Casper,  55750,  Wyoming, -106.33,42.83
Owensboro,  55748,  Kentucky, -87.12,37.76
Taunton,  55679,  Massachusetts, -71.09,41.9
Chantilly,  55624,  Virginia, -77.41,38.88
Medford,  55547,  Massachusetts, -71.11,42.42
Pocatello,  55513,  Idaho, -112.47,42.88
Towson,  55491,  Maryland, -76.62,39.4
Petaluma,  55348,  California, -122.63,38.24
Delano,  55347,  California, -119.25,35.76
Santee,  55294,  California, -116.98,32.86
Paramount,  55280,  California, -118.16,33.9
Brookline,  55248,  Massachusetts, -71.14,42.32
Weymouth,  55115,  Massachusetts, -70.95,42.21
Milford,  55112,  Connecticut, -73.06,41.23
Chicopee,  55069,  Massachusetts, -72.57,42.18
Carmichael,  55042,  California, -121.32,38.63
Cupertino,  55036,  California, -122.05,37.31
Novi,  54922,  Michigan, -83.49,42.48
Port Orange,  54907,  Florida, -81.01,29.11
Carson City,  54870,  Nevada, -119.74,39.15
Elyria,  54854,  Ohio, -82.11,41.38
Rosemead,  54839,  California, -118.08,34.07
Wheaton,  54620,  Illinois, -88.11,41.86
Hoffman Estates,  54568,  Illinois, -88.14,42.06
Lancaster,  54478,  Pennsylvania, -76.3,40.04
Novato,  54453,  California, -122.56,38.09
Levittown,  54433,  New York, -73.51,40.72
Saginaw,  54388,  Michigan, -83.95,43.42
Hattiesburg,  54333,  Mississippi, -89.31,31.31
Lehi,  54212,  Utah, -111.85,40.4
Bradenton,  54123,  Florida, -82.58,27.49
Hempstead,  54072,  New York, -73.62,40.7
Irondequoit,  53949,  New York, -77.57,43.21
Margate,  53880,  Florida, -80.21,26.25
Rowland Heights,  53852,  California, -117.89,33.98
Chapel Hill,  53800,  North Carolina, -79.04,35.93
Aspen Hill,  53748,  Maryland, -77.08,39.09
Euless,  53737,  Texas, -97.08,32.85
Maricopa,  53723,  Arizona, -112.05,33.06
Brentwood,  53501,  California, -121.71,37.93
Normal,  53432,  Illinois, -89,40.52
Manhattan,  53426,  Kansas, -96.59,39.19
Burlington,  53389,  North Carolina, -79.45,36.08
Oak Lawn,  53257,  Illinois, -87.75,41.72
Porterville,  53185,  California, -119.03,36.06
Cathedral City,  53114,  California, -116.46,33.83
Mount Prospect,  52994,  Illinois, -87.94,42.07
Elkhart,  52987,  Indiana, -85.97,41.69
Pensacola,  52942,  Florida, -87.19,30.44
Parsippany-Troy Hills Township,  52917,  New Jersey, -74.42,40.86
Kettering,  52835,  Ohio, -84.15,39.7
Hacienda Heights,  52748,  California, -117.97,34
New Brunswick,  52736,  New Jersey, -74.45,40.49
Gilroy,  52494,  California, -121.58,37.01
Bellevue,  52314,  Nebraska, -95.92,41.16
Sarasota,  52304,  Florida, -82.55,27.34
West Haven,  52298,  Connecticut, -72.97,41.27
Palm Desert,  52240,  California, -116.38,33.73
Grand Forks,  52135,  North Dakota, -97.07,47.92
Watsonville,  52087,  California, -121.77,36.92
Bowie,  52071,  Maryland, -76.74,38.96
Mentor,  52000,  Ohio, -81.33,41.69
Grapevine,  51993,  Texas, -97.07,32.93
Drexel Heights,  51985,  Arizona, -111.03,32.14
Levittown,  51908,  Pennsylvania, -74.85,40.15
Hanford,  51853,  California, -119.65,36.33
North Atlanta,  51827,  Georgia, -84.33,33.86
Battle Creek,  51817,  Michigan, -85.23,42.3
Shoreline,  51804,  Washington, -122.36,47.75
Sanford,  51795,  Florida, -81.28,28.79
Middletown,  51674,  Ohio, -84.37,39.51
Peabody,  51672,  Massachusetts, -70.97,42.53
Corvallis,  51582,  Oregon, -123.28,44.57
East Lake,  51548,  Florida, -82.7,28.1
Highland,  51526,  California, -117.19,34.12
Stratford,  51495,  Connecticut, -73.13,41.2
Grand Junction,  51481,  Colorado, -108.55,39.09
Cerritos,  51327,  California, -118.07,33.87
East Hartford,  51288,  Connecticut, -72.62,41.76
Alpharetta,  51285,  Georgia, -84.27,34.07
North Fort Myers,  51280,  Florida, -81.89,26.71
Cuyahoga Falls,  51250,  Ohio, -81.52,41.17
Mansfield,  51237,  Texas, -97.12,32.57
Mishawaka,  51149,  Indiana, -86.17,41.67
Joplin,  51126,  Missouri, -94.5,37.08
Coconut Creek,  51117,  Florida, -80.18,26.28
Smyrna,  51091,  Georgia, -84.52,33.87
Palm Beach Gardens,  51016,  Florida, -80.12,26.84
Monroe,  50949,  Louisiana, -92.08,32.51
La Crosse,  50893,  Wisconsin, -91.23,43.83
Redford,  50813,  Michigan, -83.29,42.39
Redmond,  50724,  Washington, -122.11,47.67
Niagara Falls,  50692,  New York, -79.02,43.09
Valdosta,  50660,  Georgia, -83.28,30.85
Apple Valley,  50627,  Minnesota, -93.2,44.75
Rancho Santa Margarita,  50622,  California, -117.6,33.64
Greenwood,  50562,  Indiana, -86.11,39.62
Colton,  50555,  California, -117.32,34.06
West Sacramento,  50542,  California, -121.55,38.56
La Mirada,  50501,  California, -118.01,33.9
Minnetonka,  50473,  Minnesota, -93.46,44.93
Placentia,  50421,  California, -117.85,33.88
Tigard,  50221,  Oregon, -122.77,45.43
Yucaipa,  50220,  California, -117.04,34.03
Albany,  50168,  Oregon, -123.09,44.62
San Ramon,  50164,  California, -121.95,37.76
Logan,  50117,  Utah, -111.84,41.74
Jupiter,  50075,  Florida, -80.1,26.92
Florissant,  49948,  Missouri, -90.32,38.8
Bedford,  49928,  Texas, -97.13,32.85
Charleston,  49839,  West Virginia, -81.63,38.35
Castle Rock,  49815,  Colorado, -104.85,39.38
Wilson,  49786,  North Carolina, -77.92,35.73
DeSoto,  49761,  Texas, -96.86,32.6
Dearborn Heights,  49619,  Michigan, -83.27,42.33
Lakewood,  49526,  Ohio, -81.8,41.48
Berwyn,  49477,  Illinois, -87.79,41.84
Pine Bluff,  49476,  Arkansas, -92.02,34.21
Downers Grove,  49475,  Illinois, -88.02,41.8
Poway,  49463,  California, -117.02,32.99
Glendora,  49443,  California, -117.84,34.15
Port Charlotte,  49392,  Florida, -82.11,26.99
Hendersonville,  49358,  Tennessee, -86.6,36.29
West Orange,  49330,  New Jersey, -74.26,40.79
Broomfield,  49327,  Colorado, -105.06,39.94
Oak Park,  49270,  Illinois, -87.79,41.89
Franconia,  49247,  Virginia, -77.15,38.76
Alexandria,  49244,  Louisiana, -92.46,31.29
Lenexa,  49185,  Kansas, -94.79,38.96
Eldersburg,  49163,  Maryland, -76.94,39.41
Perth Amboy,  49138,  New Jersey, -74.27,40.52
Stillwater,  49103,  Oklahoma, -97.07,36.13
Richland,  49085,  Washington, -119.29,46.29
Bloomfield,  48995,  New Jersey, -74.19,40.81
Mansfield,  48912,  Ohio, -82.53,40.76
Palm Springs,  48892,  California, -116.53,33.78
Huntington,  48815,  West Virginia, -82.43,38.41
Middletown,  48706,  Connecticut, -72.65,41.55
Summerville,  48409,  South Carolina, -80.18,33
Lake Magdalene,  48378,  Florida, -82.47,28.07
North Bethesda,  48357,  Maryland, -77.12,39.04
Aloha,  48328,  Oregon, -122.87,45.49
East Providence,  48249,  Rhode Island, -71.36,41.8
Kirkland,  48153,  Washington, -122.19,47.68
Enid,  48152,  Oklahoma, -97.87,36.41
East Brunswick,  48086,  New Jersey, -74.42,40.43
Lincoln,  48044,  California, -121.3,38.89
Seattle Hill-Silver Firs,  48033,  Washington, -122.18,47.88
Huntersville,  48009,  North Carolina, -80.86,35.41
Severn,  47939,  Maryland, -76.69,39.14
Kentwood,  47887,  Michigan, -85.59,42.88
Azusa,  47782,  California, -117.91,34.14
Bartlett,  47744,  Tennessee, -89.84,35.22
Greater Carrollwood,  47645,  Florida, -82.52,28.07
Southaven,  47625,  Mississippi, -90,34.97
Parker,  47600,  Colorado, -104.76,39.51
Sheboygan,  47594,  Wisconsin, -87.73,43.75
Cypress,  47588,  California, -118.04,33.82
Caldwell,  47560,  Idaho, -116.67,43.66
Newark,  47453,  Ohio, -82.42,40.07
Casa Grande,  47388,  Arizona, -111.74,32.89
Grand Island,  47293,  Nebraska, -98.37,40.92
West New York,  47282,  New Jersey, -73.98,40.77
Murray,  47260,  Utah, -111.89,40.65
La Quinta,  47213,  California, -116.29,33.67
Lakewood,  47167,  New Jersey, -74.21,40.09
Troy,  47140,  New York, -73.68,42.73
Pine Hills,  47073,  Florida, -81.46,28.58
Covina,  46974,  California, -117.88,34.09
Pinellas Park,  46971,  Florida, -82.71,27.86
Roswell,  46961,  New Mexico, -104.53,33.37
Harrisburg,  46941,  Pennsylvania, -76.88,40.28
West Seneca,  46902,  New York, -78.75,42.84
Commerce City,  46807,  Colorado, -104.87,39.87
Penn Hills,  46765,  Pennsylvania, -79.83,40.48
Cedar Hill,  46723,  Texas, -96.96,32.58
Salina,  46677,  Kansas, -97.62,38.82
Elmhurst,  46586,  Illinois, -87.94,41.9
Roseville,  46529,  Michigan, -82.94,42.51
Glenview,  46461,  Illinois, -87.82,42.08
Portage,  46404,  Michigan, -85.59,42.2
Euclid,  46382,  Ohio, -81.52,41.59
Saint Louis Park,  46353,  Minnesota, -93.36,44.95
Titusville,  46330,  Florida, -80.82,28.59
Draper,  46313,  Utah, -111.86,40.5
Olympia,  46257,  Washington, -122.89,47.04
Dublin,  46208,  California, -121.91,37.72
DeKalb,  46134,  Illinois, -88.75,41.93
Oro Valley,  46103,  Arizona, -110.96,32.42
Edina,  45900,  Minnesota, -93.36,44.89
Land O' Lakes,  45888,  Florida, -82.46,28.22
Land O'Lakes,  45888,  Florida, -82.45,28.22
Plainfield,  45854,  New Jersey, -74.42,40.62
Chesterfield,  45849,  Missouri, -90.58,38.65
Coeur d'Alene,  45732,  Idaho, -116.78,47.7
Bountiful,  45723,  Utah, -111.87,40.88
Barnstable Town,  45610,  Massachusetts, -70.3,41.7
East Lansing,  45575,  Michigan, -84.48,42.74
Lacey,  45553,  Washington, -122.81,47.03
North Highlands,  45526,  California, -121.38,38.67
Redan,  45506,  Georgia, -84.16,33.74
Altoona,  45489,  Pennsylvania, -78.4,40.51
Hilo,  45456,  Hawaii, -155.09,19.7
Kokomo,  45373,  Indiana, -86.13,40.48
Danville,  45245,  Virginia, -79.41,36.58
Ankeny,  45142,  Iowa, -93.61,41.72
Bell Gardens,  44938,  California, -118.15,33.97
Texas City,  44907,  Texas, -94.96,29.41
Cleveland Heights,  44848,  Ohio, -81.56,41.51
Wylie,  44755,  Texas, -96.51,33.04
Wauwatosa,  44675,  Wisconsin, -88.03,43.06
Kannapolis,  44672,  North Carolina, -80.62,35.49
The Colony,  44666,  Texas, -96.89,33.09
Kingsport,  44583,  Tennessee, -82.56,36.53
Methuen,  44486,  Massachusetts, -71.19,42.73
Biloxi,  44436,  Mississippi, -88.93,30.41
Lawrence,  44381,  Indiana, -85.99,39.87
Bartlett,  44345,  Illinois, -88.21,41.98
Bonita Springs,  44290,  Florida, -81.79,26.34
Chelsea,  44282,  Massachusetts, -71.03,42.4
Sierra Vista,  44234,  Arizona, -110.32,31.57
Binghamton,  44197,  New York, -75.91,42.1
Prescott,  44035,  Arizona, -112.45,34.58
Fortuna Foothills,  43996,  Arizona, -114.41,32.66
Noblesville,  43991,  Indiana, -86.03,40.06
San Luis Obispo,  43926,  California, -120.66,35.27
Twin Falls,  43900,  Idaho, -114.46,42.56
Pflugerville,  43849,  Texas, -97.62,30.44
Freeport,  43783,  New York, -73.58,40.65
Kendall West,  43779,  Florida, -80.44,25.71
East Point,  43748,  Georgia, -84.47,33.67
West Babylon,  43692,  New York, -73.36,40.71
Coral Gables,  43646,  Florida, -80.26,25.7
Catonsville,  43590,  Maryland, -76.74,39.26
Covington,  43469,  Kentucky, -84.51,39.04
Ceres,  43443,  California, -120.96,37.6
Riverton,  43424,  Utah, -111.95,40.52
Montgomery Village,  43313,  Maryland, -77.19,39.18
North Attleborough,  43307,  Massachusetts, -71.33,41.97
Farmington,  43299,  New Mexico, -108.19,36.75
Moline,  43295,  Illinois, -90.49,41.49
Lombard,  43240,  Illinois, -88.01,41.87
Tuckahoe,  43114,  Virginia, -77.59,37.59
Buffalo Grove,  43054,  Illinois, -87.96,42.17
Oakland Park,  43028,  Florida, -80.15,26.17
Woonsocket,  42967,  Rhode Island, -71.5,42
Aliso Viejo,  42862,  California, -117.73,33.57
Attleboro,  42840,  Massachusetts, -71.3,41.93
Potomac,  42836,  Maryland, -77.2,39.03
Sun City,  42831,  Arizona, -112.28,33.62
Hackensack,  42824,  New Jersey, -74.05,40.89
Warren,  42718,  Ohio, -80.82,41.24
Blacksburg,  42683,  Virginia, -80.43,37.23
Crystal Lake,  42672,  Illinois, -88.33,42.23
Leesburg,  42666,  Virginia, -77.56,39.1
Fairfield,  42604,  Ohio, -84.54,39.33
Sayreville,  42549,  New Jersey, -74.32,40.47
Lompoc,  42406,  California, -120.47,34.66
Harrisonburg,  42355,  Virginia, -78.87,38.44
Newark,  42354,  California, -122.03,37.52
North Lauderdale,  42336,  Florida, -80.22,26.21
Bozeman,  42301,  Montana, -111.04,45.68
Concord,  42261,  New Hampshire, -71.56,43.23
Strongsville,  42251,  Ohio, -81.83,41.31
Fort Pierce,  42238,  Florida, -80.32,27.44
Coachella,  42148,  California, -116.15,33.68
Fond du Lac,  42100,  Wisconsin, -88.45,43.77
Hickory,  42082,  North Carolina, -81.33,35.74
Pittsfield,  42036,  Massachusetts, -73.26,42.45
Danville,  41845,  California, -121.97,37.81
Bel Air North,  41722,  Maryland, -76.37,39.55
Altadena,  41677,  California, -118.13,34.19
Hicksville,  41571,  New York, -73.53,40.76
Keller,  41437,  Texas, -97.23,32.93
Charlottesville,  41429,  Virginia, -78.49,38.04
Salem,  41398,  Massachusetts, -70.87,42.53
Bullhead City,  41377,  Arizona, -114.56,35.11
Jefferson City,  41319,  Missouri, -92.19,38.57
Hoboken,  41307,  New Jersey, -74.03,40.74
El Centro,  41304,  California, -115.56,32.79
Olney,  41213,  Maryland, -77.08,39.15
Littleton,  41211,  Colorado, -105.01,39.59
San Bruno,  41201,  California, -122.43,37.62
Hutchinson,  41185,  Kansas, -97.91,38.07
Bloomfield Township,  41179,  Michigan, -83.27,42.58
Rancho Palos Verdes,  41164,  California, -118.36,33.76
Leominster,  41104,  Massachusetts, -71.77,42.52
Belleville,  41090,  Illinois, -90,38.53
Prescott Valley,  41046,  Arizona, -112.32,34.61
Billerica,  40949,  Massachusetts, -71.26,42.56
Sun City West,  40943,  Arizona, -112.35,33.67
Smyrna,  40876,  Tennessee, -86.52,35.98
Cleveland,  40862,  Tennessee, -84.87,35.18
Midland,  40840,  Michigan, -84.23,43.62
Sammamish,  40824,  Washington, -122.1,47.58
Parkway-South Sacramento,  40797,  California, -121.45,38.51
Rohnert Park,  40680,  California, -122.7,38.35
Calexico,  40668,  California, -115.5,32.68
Spartanburg,  40665,  South Carolina, -81.93,34.94
Haltom City,  40663,  Texas, -97.27,32.82
San Gabriel,  40652,  California, -118.1,34.09
Carol Stream,  40639,  Illinois, -88.13,41.92
La Puente,  40618,  California, -117.95,34.03
Goose Creek,  40600,  South Carolina, -80,32.99
Edmonds,  40568,  Washington, -122.37,47.83
Southglenn,  40559,  Colorado, -104.95,39.59
Westfield,  40544,  Massachusetts, -72.76,42.14
Arlington,  40535,  Massachusetts, -71.16,42.42
Columbus,  40486,  Indiana, -85.91,39.21
